"Date ","series ","OPEN ","HIGH ","LOW ","PREV. CLOSE ","ltp ","close ","vwap ","52W H ","52W L ","VOLUME ","VALUE ","No of trades "
"19-Oct-2016","EQ","552.05","554.90","545.05","554.25","549.90","550.50","549.78","598.40","265.80","42,75,157","2,35,04,01,334.45","62,363"
"18-Oct-2016","EQ","549.20","556.00","549.20","547.55","553.50","554.25","553.27","598.40","265.80","39,65,424","2,19,39,63,391.30","84,356"
"17-Oct-2016","EQ","557.85","557.85","545.90","556.10","547.50","547.55","550.83","598.40","265.80","34,63,154","1,90,76,00,422.60","53,873"
"14-Oct-2016","EQ","546.00","557.45","545.00","544.85","557.00","556.10","551.37","598.40","265.80","58,72,827","3,23,81,11,050.75","72,101"
"13-Oct-2016","EQ","556.90","556.90","537.00","562.05","544.00","544.85","545.30","598.40","265.80","95,10,827","5,18,62,25,239.50","1,30,898"
"10-Oct-2016","EQ","571.10","571.10","560.90","565.70","562.95","562.05","564.90","598.40","265.80","36,73,211","2,07,49,92,065.75","56,992"
"07-Oct-2016","EQ","554.50","567.30","552.60","551.45","565.00","565.70","560.48","598.40","265.80","91,22,002","5,11,27,09,326.90","77,266"
"06-Oct-2016","EQ","563.10","564.20","549.10","559.65","551.75","551.45","556.37","598.40","265.80","42,73,945","2,37,78,91,854.55","63,284"
"05-Oct-2016","EQ","555.30","562.40","549.75","549.95","557.30","559.65","556.65","598.40","265.80","59,29,204","3,30,04,70,090.05","91,060"
"04-Oct-2016","EQ","547.40","552.40","540.65","540.80","552.00","549.95","546.15","598.40","265.80","57,15,454","3,12,15,16,455.90","75,845"
"03-Oct-2016","EQ","539.40","546.00","539.00","534.85","541.50","540.80","542.36","598.40","265.80","45,05,939","2,44,38,40,120.30","78,127"
"30-Sep-2016","EQ","525.60","536.55","521.20","526.30","534.60","534.85","529.78","598.40","265.80","56,59,248","2,99,81,47,253.20","97,841"
"29-Sep-2016","EQ","543.00","546.90","516.65","540.00","525.00","526.30","530.66","598.40","265.80","93,15,794","4,94,35,54,918.55","81,179"
"28-Sep-2016","EQ","533.00","545.40","531.50","531.95","540.40","540.00","539.86","598.40","265.80","66,04,953","3,56,57,34,622.05","81,823"
"27-Sep-2016","EQ","537.70","542.00","530.25","535.30","533.70","531.95","536.02","598.40","265.80","49,12,743","2,63,33,15,595.50","65,711"
"26-Sep-2016","EQ","549.95","549.95","533.75","553.05","535.80","535.30","539.32","598.40","265.80","68,58,574","3,69,89,75,288.05","1,01,239"
"23-Sep-2016","EQ","558.50","558.50","551.20","558.45","554.50","553.05","553.96","598.40","265.80","48,40,360","2,68,13,70,446.85","66,250"
"22-Sep-2016","EQ","561.20","562.95","551.35","549.90","557.40","558.45","557.30","598.40","265.80","60,12,388","3,35,07,29,309.25","94,438"
"21-Sep-2016","EQ","548.60","556.40","544.00","548.45","550.10","549.90","551.51","598.40","265.80","59,19,149","3,26,44,67,417.10","1,00,973"
"20-Sep-2016","EQ","555.00","556.30","545.50","554.45","546.90","548.45","549.23","598.40","265.80","68,74,462","3,77,56,33,922.90","78,787"
"19-Sep-2016","EQ","553.80","556.40","549.45","548.70","553.75","554.45","552.69","598.40","265.80","69,79,269","3,85,73,41,177.95","78,552"
"16-Sep-2016","EQ","562.40","568.20","546.35","557.55","550.60","548.70","552.68","598.40","265.80","1,09,31,845","6,04,18,24,892.00","77,478"
"15-Sep-2016","EQ","562.00","566.25","555.40","560.50","558.50","557.55","559.53","598.40","265.80","52,58,859","2,94,25,07,943.35","55,639"
"14-Sep-2016","EQ","556.25","565.35","544.10","553.45","564.20","560.50","550.47","598.40","265.80","1,23,64,724","6,80,63,79,991.65","1,67,639"
"12-Sep-2016","EQ","551.00","560.00","549.25","573.25","553.75","553.45","554.33","598.40","265.80","70,55,294","3,91,09,80,798.65","1,77,951"
"09-Sep-2016","EQ","580.00","582.95","571.70","584.20","573.00","573.25","574.57","598.40","265.80","71,59,068","4,11,33,54,913.00","1,11,109"
"08-Sep-2016","EQ","590.75","591.70","577.75","587.40","585.00","584.20","582.41","598.40","265.80","1,04,56,258","6,08,98,37,730.80","1,24,853"
"07-Sep-2016","EQ","590.00","598.40","584.00","588.70","589.25","587.40","590.25","598.40","265.80","1,34,08,927","7,91,46,54,539.25","1,94,950"
"06-Sep-2016","EQ","556.35","593.30","556.35","549.85","587.75","588.70","575.29","593.30","265.80","1,58,13,178","9,09,72,41,710.10","1,83,624"
"02-Sep-2016","EQ","552.00","555.90","549.10","543.65","549.50","549.85","551.77","555.90","265.80","1,00,97,146","5,57,12,77,135.00","1,19,780"
"01-Sep-2016","EQ","540.50","546.65","540.00","537.70","544.75","543.65","543.67","548.80","265.80","75,71,854","4,11,66,09,155.00","1,04,353"
"31-Aug-2016","EQ","529.00","548.80","529.00","529.00","538.00","537.70","540.91","548.80","265.80","1,57,25,942","8,50,63,60,153.30","1,90,940"
"30-Aug-2016","EQ","528.50","530.80","524.10","525.30","529.80","529.00","527.25","530.80","265.80","66,11,147","3,48,57,53,923.20","89,229"
"29-Aug-2016","EQ","522.50","528.75","515.40","503.75","525.15","525.30","523.82","528.75","265.80","1,25,34,399","6,56,58,28,469.00","1,52,952"
"26-Aug-2016","EQ","502.00","515.35","486.00","493.85","514.25","503.75","503.24","522.60","265.80","1,63,47,856","8,22,69,57,784.10","1,78,575"
"25-Aug-2016","EQ","498.35","503.30","491.30","498.35","492.80","493.85","496.03","522.60","265.80","87,87,262","4,35,87,46,299.55","1,03,088"
"24-Aug-2016","EQ","504.70","506.05","493.60","504.00","498.00","498.35","499.34","522.60","265.80","51,89,459","2,59,12,98,036.40","62,646"
"23-Aug-2016","EQ","505.25","508.60","500.45","503.95","504.50","504.00","504.34","522.60","265.80","53,42,115","2,69,42,28,177.10","1,09,435"
"22-Aug-2016","EQ","509.10","513.60","503.10","510.00","504.00","503.95","506.14","522.60","265.80","43,30,313","2,19,17,44,108.85","67,141"
"19-Aug-2016","EQ","514.00","515.00","508.20","512.05","509.80","510.00","511.24","522.60","265.80","45,67,273","2,33,49,57,085.55","79,375"
"18-Aug-2016","EQ","512.40","517.90","510.75","510.40","510.75","512.05","513.91","522.60","265.80","49,90,558","2,56,46,88,049.00","41,295"
"17-Aug-2016","EQ","511.10","514.25","505.85","507.60","509.40","510.40","510.49","522.60","265.80","58,53,980","2,98,83,78,055.15","92,335"
"16-Aug-2016","EQ","512.95","515.00","503.30","516.80","506.50","507.60","507.50","522.60","265.80","60,34,295","3,06,23,90,295.40","92,379"
"12-Aug-2016","EQ","506.90","519.50","506.15","503.25","516.00","516.80","515.94","522.60","265.80","71,67,435","3,69,79,50,023.30","93,917"
"11-Aug-2016","EQ","503.75","505.00","495.10","503.45","502.40","503.25","500.35","522.60","265.80","41,12,806","2,05,78,45,094.25","69,675"
"10-Aug-2016","EQ","515.60","516.50","502.30","513.80","503.65","503.45","506.07","522.60","265.80","63,71,139","3,22,42,35,666.95","1,19,009"
"09-Aug-2016","EQ","521.00","522.00","509.20","514.80","513.40","513.80","514.59","522.60","265.80","60,15,760","3,09,56,45,711.25","2,33,468"
"08-Aug-2016","EQ","518.20","522.60","513.40","516.40","514.55","514.80","516.87","522.60","265.80","46,49,302","2,40,30,69,792.70","1,55,581"
"05-Aug-2016","EQ","507.20","518.70","502.15","500.00","517.00","516.40","510.16","518.70","265.80","63,93,514","3,26,17,37,495.20","79,925"
"04-Aug-2016","EQ","490.10","501.45","488.60","478.40","500.55","500.00","497.06","514.90","265.80","94,76,008","4,71,01,65,705.25","1,06,240"
"03-Aug-2016","EQ","494.50","499.50","475.50","493.30","479.30","478.40","485.95","514.90","265.80","79,25,049","3,85,11,93,355.55","1,07,700"
"02-Aug-2016","EQ","510.00","511.20","491.15","508.25","494.75","493.30","502.94","514.90","265.80","52,51,838","2,64,13,51,409.15","52,988"
"01-Aug-2016","EQ","506.80","514.90","505.50","503.20","507.85","508.25","509.72","514.90","265.80","47,48,497","2,42,04,12,512.15","46,864"
"29-Jul-2016","EQ","507.80","510.50","501.10","506.85","503.35","503.20","505.11","513.35","265.80","37,46,332","1,89,23,24,650.45","53,241"
"28-Jul-2016","EQ","510.00","511.90","498.75","510.10","508.75","506.85","506.28","513.35","265.80","63,38,260","3,20,89,20,563.40","56,741"
"27-Jul-2016","EQ","507.75","513.05","505.50","503.25","509.35","510.10","509.94","513.35","265.80","51,93,425","2,64,83,43,230.30","79,157"
"26-Jul-2016","EQ","506.05","513.35","502.10","509.00","502.95","503.25","507.31","513.35","265.80","61,87,499","3,13,90,10,714.70","1,09,884"
"25-Jul-2016","EQ","505.50","510.95","503.35","507.20","508.55","509.00","507.46","510.95","265.80","46,38,151","2,35,36,82,354.35","82,370"
"22-Jul-2016","EQ","494.45","508.45","493.50","491.05","506.65","507.20","499.96","508.45","265.80","55,88,143","2,79,38,27,597.75","87,836"
"21-Jul-2016","EQ","498.45","500.00","489.70","493.90","490.65","491.05","495.20","505.00","265.80","36,58,371","1,81,16,17,520.60","61,330"
"20-Jul-2016","EQ","496.30","502.45","492.45","499.25","493.50","493.90","495.33","505.00","265.80","56,97,901","2,82,23,51,471.85","61,459"
"19-Jul-2016","EQ","493.90","503.50","493.45","492.65","498.00","499.25","498.46","505.00","265.80","76,65,519","3,82,09,91,770.50","90,528"
"18-Jul-2016","EQ","495.00","505.00","490.00","494.00","490.75","492.65","500.08","505.00","265.80","74,63,954","3,73,25,79,056.75","84,910"
"15-Jul-2016","EQ","480.00","501.70","479.65","486.10","494.05","494.00","494.65","501.70","265.80","88,89,558","4,39,71,75,835.60","1,02,652"
"14-Jul-2016","EQ","480.10","489.30","478.95","481.10","485.50","486.10","486.35","489.90","265.80","59,83,007","2,90,98,11,700.00","90,559"
"13-Jul-2016","EQ","485.95","488.10","477.95","484.30","480.65","481.10","481.61","489.90","265.80","58,55,718","2,82,01,82,186.15","73,612"
"12-Jul-2016","EQ","486.00","488.65","481.10","484.60","485.00","484.30","483.74","489.90","265.80","67,67,972","3,27,39,68,927.70","1,05,966"
"11-Jul-2016","EQ","472.10","486.80","472.10","466.30","483.85","484.60","482.86","489.90","265.80","1,04,77,166","5,05,90,24,780.50","1,23,496"
"08-Jul-2016","EQ","464.30","468.20","462.65","455.15","466.30","466.30","465.37","489.90","265.80","92,63,727","4,31,10,85,440.40","1,05,310"
"07-Jul-2016","EQ","460.95","465.45","454.10","460.90","455.50","455.15","458.84","489.90","265.80","65,80,663","3,01,94,95,422.45","88,253"
"05-Jul-2016","EQ","468.50","469.00","459.50","469.50","460.50","460.90","462.42","489.90","265.80","49,34,087","2,28,16,44,516.30","60,419"
"04-Jul-2016","EQ","467.00","474.85","467.00","457.90","468.80","469.50","471.58","489.90","265.80","84,13,087","3,96,74,66,086.15","1,78,631"
"01-Jul-2016","EQ","463.60","464.75","454.70","459.25","459.10","457.90","458.85","489.90","265.80","70,27,759","3,22,46,95,205.70","87,253"
"30-Jun-2016","EQ","454.30","462.25","451.55","447.25","458.50","459.25","458.74","489.90","265.80","1,32,14,064","6,06,17,62,348.20","1,28,591"
"29-Jun-2016","EQ","447.10","449.80","445.40","440.40","447.00","447.25","447.44","489.90","265.80","62,85,461","2,81,23,90,309.15","79,651"
"28-Jun-2016","EQ","448.00","448.00","433.00","448.95","441.00","440.40","441.08","489.90","265.80","1,01,90,394","4,49,48,15,903.60","1,28,902"
"27-Jun-2016","EQ","451.80","457.25","443.60","449.40","447.95","448.95","448.82","489.90","265.80","1,24,50,283","5,58,79,20,652.45","1,28,652"
"24-Jun-2016","EQ","439.20","453.75","421.25","487.95","447.70","449.40","439.30","489.90","265.80","4,09,98,600","18,01,06,52,362.85","3,30,936"
"23-Jun-2016","EQ","476.10","489.90","476.10","472.70","487.75","487.95","483.17","489.90","265.80","96,28,216","4,65,20,20,903.20","1,31,019"
"22-Jun-2016","EQ","483.05","484.80","468.05","484.90","472.00","472.70","473.70","486.20","265.80","76,60,165","3,62,86,22,070.10","96,495"
"21-Jun-2016","EQ","484.00","486.20","477.60","482.05","484.30","484.90","482.43","486.20","265.80","89,07,801","4,29,74,16,241.65","95,613"
"20-Jun-2016","EQ","464.75","484.20","460.25","464.40","482.60","482.05","473.11","484.20","265.80","92,61,350","4,38,16,66,005.20","1,04,212"
"17-Jun-2016","EQ","461.00","465.75","457.30","454.35","463.65","464.40","462.54","470.25","265.80","78,36,702","3,62,48,26,109.35","1,28,797"
"16-Jun-2016","EQ","449.70","455.50","446.05","452.10","453.90","454.35","450.51","470.25","265.80","72,55,454","3,26,86,47,425.60","1,07,017"
"15-Jun-2016","EQ","449.90","453.00","447.25","448.40","451.55","452.10","450.48","470.25","265.80","57,04,865","2,56,99,32,489.45","71,444"
"14-Jun-2016","EQ","446.90","453.85","441.15","444.25","448.70","448.40","448.85","470.25","265.80","96,15,226","4,31,57,51,974.95","1,34,160"
"13-Jun-2016","EQ","451.00","451.40","436.70","456.95","444.55","444.25","442.07","470.25","265.80","95,07,282","4,20,28,43,408.45","92,197"
"10-Jun-2016","EQ","466.75","466.75","454.50","467.15","457.40","456.95","460.95","470.25","265.80","70,39,858","3,24,50,54,592.10","90,106"
"09-Jun-2016","EQ","469.45","470.25","465.00","466.15","467.00","467.15","467.17","470.25","265.80","85,25,017","3,98,26,04,636.10","73,094"
"08-Jun-2016","EQ","465.50","468.80","463.20","463.05","465.00","466.15","465.59","468.80","265.80","1,04,67,158","4,87,33,77,957.40","82,424"
"07-Jun-2016","EQ","466.45","466.45","459.00","460.50","463.20","463.05","462.35","466.45","265.80","1,25,68,902","5,81,12,61,722.25","1,19,943"
"06-Jun-2016","EQ","457.80","465.00","450.20","453.95","462.55","460.50","456.15","465.00","265.80","93,56,808","4,26,80,77,962.35","1,17,496"
"03-Jun-2016","EQ","458.05","461.80","452.50","453.45","452.55","453.95","457.01","482.90","265.80","1,16,72,544","5,33,44,79,479.45","1,10,388"
"02-Jun-2016","EQ","444.10","460.50","444.10","449.20","453.00","453.45","454.99","482.90","265.80","1,36,74,434","6,22,16,81,916.65","1,47,002"
"01-Jun-2016","EQ","455.75","458.30","445.00","459.65","446.80","449.20","452.70","482.90","265.80","1,03,89,215","4,70,32,23,677.95","1,40,757"
"31-May-2016","EQ","456.00","464.90","445.00","421.25","455.60","459.65","457.17","482.90","265.80","11,07,44,326","50,62,94,34,632.80","4,38,702"
"30-May-2016","EQ","404.80","423.60","401.30","403.90","423.00","421.25","415.18","482.90","265.80","1,57,67,133","6,54,62,05,691.20","1,86,242"
"27-May-2016","EQ","400.00","405.00","396.00","399.25","403.10","403.90","401.07","514.00","265.80","90,35,525","3,62,38,56,122.10","82,737"
"26-May-2016","EQ","400.50","402.00","396.75","397.00","400.00","399.25","399.26","514.00","265.80","84,69,732","3,38,15,92,729.30","89,195"
"25-May-2016","EQ","394.00","399.95","394.00","389.10","396.55","397.00","397.32","514.00","265.80","88,97,382","3,53,50,66,099.30","95,924"
"24-May-2016","EQ","383.80","391.75","382.65","381.75","389.00","389.10","389.07","514.00","265.80","1,05,68,106","4,11,16,94,018.60","91,891"
"23-May-2016","EQ","388.55","389.95","380.10","384.45","383.30","381.75","386.20","514.00","265.80","81,53,090","3,14,87,55,710.80","89,566"
"20-May-2016","EQ","386.70","392.70","383.50","386.90","384.00","384.45","388.82","524.40","265.80","65,37,509","2,54,19,41,968.85","72,726"
"19-May-2016","EQ","386.25","393.30","381.95","384.85","384.65","386.90","389.66","524.40","265.80","1,09,88,676","4,28,17,92,708.90","87,631"
"18-May-2016","EQ","383.50","387.35","381.60","389.70","384.75","384.85","384.67","524.40","265.80","85,89,315","3,30,40,74,476.85","93,580"
"17-May-2016","EQ","392.60","395.00","386.60","392.70","389.50","389.70","391.45","524.40","265.80","94,25,555","3,68,96,04,099.15","90,601"
"16-May-2016","EQ","393.80","396.70","389.00","389.95","390.75","392.70","393.22","524.40","265.80","82,48,193","3,24,33,27,646.40","87,893"
"13-May-2016","EQ","391.25","394.00","385.50","387.05","389.50","389.95","390.35","530.95","265.80","1,40,27,896","5,47,58,43,915.75","1,46,771"
"12-May-2016","EQ","379.00","388.60","379.00","379.85","387.00","387.05","385.58","530.95","265.80","65,06,343","2,50,87,10,558.20","72,505"
"11-May-2016","EQ","384.80","391.95","376.10","388.95","380.40","379.85","383.75","530.95","265.80","1,15,95,875","4,44,99,69,068.70","1,31,335"
"10-May-2016","EQ","400.80","400.80","387.15","403.35","389.95","388.95","390.89","530.95","265.80","91,66,453","3,58,30,65,896.10","1,22,990"
"09-May-2016","EQ","400.35","405.20","395.15","398.70","402.65","403.35","400.62","530.95","265.80","87,00,283","3,48,55,01,074.95","1,03,866"
"06-May-2016","EQ","388.60","400.90","384.50","391.15","397.60","398.70","392.37","530.95","265.80","99,53,672","3,90,55,65,969.90","1,13,433"
"05-May-2016","EQ","384.00","396.05","383.15","381.80","389.70","391.15","391.17","530.95","265.80","96,01,341","3,75,57,59,880.85","97,494"
"04-May-2016","EQ","405.50","405.50","380.10","409.65","383.15","381.80","389.08","530.95","265.80","1,20,69,134","4,69,58,82,346.70","1,36,649"
"03-May-2016","EQ","410.90","422.00","407.80","407.70","408.85","409.65","415.54","530.95","265.80","96,20,804","3,99,78,66,699.80","1,04,175"
"02-May-2016","EQ","407.95","410.45","402.50","408.35","408.20","407.70","406.96","530.95","265.80","41,78,821","1,70,06,32,782.15","57,962"
"29-Apr-2016","EQ","410.00","413.70","403.05","411.35","408.10","408.35","407.72","533.80","265.80","62,51,095","2,54,87,13,443.55","1,04,590"
"28-Apr-2016","EQ","418.80","420.95","409.70","418.55","410.45","411.35","413.77","533.80","265.80","75,46,101","3,12,23,76,408.40","1,50,016"
"27-Apr-2016","EQ","418.95","425.25","414.65","419.05","419.10","418.55","420.75","533.80","265.80","62,27,941","2,62,04,08,235.70","95,959"
"26-Apr-2016","EQ","408.65","423.65","405.05","412.20","418.35","419.05","416.78","533.80","265.80","69,98,505","2,91,68,30,580.80","1,06,925"
"25-Apr-2016","EQ","417.60","417.60","410.00","417.00","412.00","412.20","412.76","533.80","265.80","32,72,996","1,35,09,53,355.85","63,481"
"22-Apr-2016","EQ","412.10","420.50","408.00","411.50","417.10","417.00","416.08","543.15","265.80","59,95,998","2,49,48,04,238.35","75,965"
"21-Apr-2016","EQ","408.70","417.20","406.00","404.10","410.50","411.50","411.43","543.15","265.80","92,11,869","3,79,00,68,646.45","1,11,112"
"20-Apr-2016","EQ","407.00","410.35","400.65","407.35","403.85","404.10","405.83","543.15","265.80","75,89,901","3,08,02,43,737.20","1,00,611"
"18-Apr-2016","EQ","407.65","409.90","402.50","408.75","407.00","407.35","406.23","543.15","265.80","55,71,076","2,26,31,16,756.50","77,253"
"13-Apr-2016","EQ","400.00","411.75","398.15","395.80","408.65","408.75","407.13","563.90","265.80","1,23,73,115","5,03,74,43,990.90","1,68,964"
"12-Apr-2016","EQ","387.95","397.40","387.15","386.65","395.50","395.80","393.05","563.90","265.80","77,02,684","3,02,75,49,941.80","1,05,900"
"11-Apr-2016","EQ","373.95","387.80","373.90","371.45","386.00","386.65","381.14","563.90","265.80","68,27,449","2,60,22,05,795.65","92,223"
"08-Apr-2016","EQ","375.50","380.05","370.50","375.20","371.60","371.45","374.60","573.50","265.80","48,60,484","1,82,07,26,699.70","66,676"
"07-Apr-2016","EQ","375.95","384.80","370.30","376.70","375.20","375.20","377.63","573.50","265.80","87,24,110","3,29,44,63,129.85","1,15,339"
"06-Apr-2016","EQ","373.70","382.40","372.05","370.50","376.25","376.70","378.00","573.50","265.80","73,23,269","2,76,81,64,576.40","88,551"
"05-Apr-2016","EQ","386.00","386.00","369.00","388.40","370.05","370.50","377.62","573.50","265.80","60,58,241","2,28,77,10,483.50","89,624"
"04-Apr-2016","EQ","385.95","391.00","382.40","379.65","387.40","388.40","387.25","573.50","265.80","60,11,729","2,32,80,38,453.30","96,258"
"01-Apr-2016","EQ","386.40","386.40","377.70","386.60","380.15","379.65","380.66","573.50","265.80","56,83,771","2,16,35,61,151.65","62,111"
"31-Mar-2016","EQ","387.90","393.60","380.50","388.60","388.70","386.60","387.94","573.50","265.80","1,07,38,707","4,16,59,52,832.60","1,15,837"
"30-Mar-2016","EQ","380.50","391.50","376.80","372.45","391.10","388.60","383.25","573.50","265.80","1,02,95,891","3,94,59,07,239.95","1,26,689"
"29-Mar-2016","EQ","364.00","378.95","363.05","363.30","371.65","372.45","372.03","573.50","265.80","93,64,810","3,48,40,29,966.40","1,15,670"
"28-Mar-2016","EQ","375.50","375.50","361.50","377.00","364.00","363.30","368.20","573.50","265.80","80,62,793","2,96,87,44,549.55","76,005"
"23-Mar-2016","EQ","378.00","379.45","374.05","377.20","376.00","377.00","376.74","573.50","265.80","57,66,182","2,17,23,56,144.85","98,825"
"22-Mar-2016","EQ","376.95","381.50","370.40","374.70","376.00","377.20","376.28","573.50","265.80","89,09,026","3,35,23,19,119.95","1,28,918"
"21-Mar-2016","EQ","367.25","375.50","365.75","366.05","374.85","374.70","371.35","573.50","265.80","93,25,793","3,46,31,54,601.40","1,24,058"
"18-Mar-2016","EQ","362.50","367.80","362.50","360.90","366.05","366.05","365.33","579.00","265.80","65,94,019","2,40,90,04,384.70","69,743"
"17-Mar-2016","EQ","366.90","367.40","358.60","359.55","359.50","360.90","363.54","579.00","265.80","69,14,296","2,51,35,95,483.20","80,395"
"16-Mar-2016","EQ","359.95","362.75","353.30","360.40","362.00","359.55","357.53","579.00","265.80","75,54,537","2,70,09,66,415.50","86,141"
"15-Mar-2016","EQ","366.90","370.70","359.55","366.45","361.20","360.40","363.79","579.00","265.80","98,00,731","3,56,54,50,813.70","1,05,988"
"14-Mar-2016","EQ","359.90","370.55","358.95","354.25","365.50","366.45","366.41","579.00","265.80","1,30,66,837","4,78,78,30,891.75","1,25,898"
"11-Mar-2016","EQ","348.50","355.90","345.15","348.50","353.35","354.25","350.40","579.00","265.80","76,41,330","2,67,75,32,365.50","95,835"
"10-Mar-2016","EQ","347.00","353.60","341.40","347.70","348.20","348.50","347.80","579.00","265.80","74,43,048","2,58,87,12,313.35","75,453"
"09-Mar-2016","EQ","339.90","349.00","336.00","346.05","347.75","347.70","343.33","579.00","265.80","63,83,925","2,19,18,01,852.40","79,926"
"08-Mar-2016","EQ","346.50","353.75","341.50","343.50","345.50","346.05","347.53","579.00","265.80","78,88,999","2,74,16,65,867.10","89,966"
"04-Mar-2016","EQ","340.15","348.75","338.65","336.70","343.45","343.50","344.20","601.00","265.80","81,97,520","2,82,15,62,337.85","1,12,411"
"03-Mar-2016","EQ","324.50","339.80","321.50","317.10","337.00","336.70","331.85","601.00","265.80","1,28,44,057","4,26,22,65,334.00","1,56,733"
"02-Mar-2016","EQ","322.90","326.00","314.35","315.35","316.55","317.10","320.81","601.00","265.80","1,24,18,149","3,98,38,74,902.80","1,49,616"
"01-Mar-2016","EQ","301.10","317.00","301.10","299.70","315.00","315.35","309.66","601.00","265.80","1,14,40,045","3,54,25,02,719.25","1,21,563"
"29-Feb-2016","EQ","303.20","305.75","290.25","301.80","300.00","299.70","300.18","601.00","265.80","1,26,07,181","3,78,44,69,911.95","1,17,824"
"26-Feb-2016","EQ","303.20","305.20","297.60","298.20","302.25","301.80","301.28","601.00","265.80","91,81,680","2,76,62,23,509.70","77,802"
"25-Feb-2016","EQ","309.80","312.20","296.20","306.30","299.70","298.20","303.10","601.00","265.80","1,29,59,812","3,92,81,38,651.40","1,07,446"
"24-Feb-2016","EQ","316.00","316.00","304.75","318.55","306.55","306.30","309.19","601.00","265.80","76,29,905","2,35,91,03,428.95","96,807"
"23-Feb-2016","EQ","324.00","324.75","314.45","318.85","317.50","318.55","318.20","601.00","265.80","1,16,35,881","3,70,25,13,927.05","1,25,251"
"22-Feb-2016","EQ","320.00","324.20","313.60","318.20","319.80","318.85","318.05","601.00","265.80","86,99,779","2,76,69,45,427.10","1,10,227"
"19-Feb-2016","EQ","312.10","320.00","311.10","314.00","318.05","318.20","315.54","601.00","265.80","77,06,462","2,43,16,59,393.65","89,924"
"18-Feb-2016","EQ","315.15","319.10","306.20","310.15","312.15","314.00","313.86","601.00","265.80","1,24,98,247","3,92,27,59,418.45","1,94,648"
"17-Feb-2016","EQ","302.95","313.50","298.65","301.15","312.10","310.15","305.90","601.00","265.80","1,37,17,526","4,19,61,37,895.80","1,26,449"
"16-Feb-2016","EQ","319.40","324.20","298.90","317.25","301.80","301.15","312.46","601.00","265.80","1,35,98,374","4,24,88,87,884.95","1,51,955"
"15-Feb-2016","EQ","297.90","320.75","297.70","298.35","316.05","317.25","312.33","601.00","265.80","1,88,88,699","5,89,94,87,907.15","2,07,165"
"12-Feb-2016","EQ","281.00","303.95","271.60","276.35","296.05","298.35","289.45","601.00","265.80","2,15,42,152","6,23,54,28,493.55","2,32,099"
"11-Feb-2016","EQ","298.50","300.00","265.80","291.55","271.30","276.35","286.23","601.00","265.80","2,16,32,886","6,19,19,86,128.65","1,83,602"
"10-Feb-2016","EQ","309.85","309.95","288.25","310.65","288.70","291.55","296.13","601.00","279.10","2,17,56,193","6,44,26,87,119.75","2,13,764"
"09-Feb-2016","EQ","319.50","322.65","308.80","323.50","311.05","310.65","315.09","601.00","279.10","1,24,89,713","3,93,54,22,389.55","1,86,452"
"08-Feb-2016","EQ","334.95","334.95","321.35","337.10","322.45","323.50","328.82","601.00","279.10","69,74,342","2,29,32,90,572.30","85,772"
"05-Feb-2016","EQ","330.50","339.00","326.65","325.50","336.70","337.10","333.64","612.40","279.10","92,36,577","3,08,17,12,197.10","1,23,929"
"04-Feb-2016","EQ","325.30","329.30","321.20","320.30","327.05","325.50","325.79","612.40","279.10","60,86,981","1,98,30,74,734.30","91,156"
"03-Feb-2016","EQ","325.55","325.95","317.05","329.55","320.95","320.30","321.17","612.40","279.10","66,85,445","2,14,71,38,625.65","93,400"
"02-Feb-2016","EQ","343.80","344.70","327.70","338.50","329.00","329.55","336.62","612.40","279.10","91,79,304","3,08,99,60,402.75","1,11,160"
"01-Feb-2016","EQ","338.75","342.40","332.25","336.90","335.25","338.50","337.69","612.40","279.10","65,63,774","2,21,65,35,914.35","69,594"
"29-Jan-2016","EQ","332.00","340.60","324.20","334.20","336.90","336.90","334.46","612.40","279.10","1,03,50,998","3,46,20,41,237.50","1,10,669"
"28-Jan-2016","EQ","336.30","341.40","332.30","337.05","333.85","334.20","335.31","612.40","279.10","1,31,53,617","4,41,04,79,188.20","87,267"
"27-Jan-2016","EQ","338.00","341.00","333.20","332.60","336.90","337.05","337.70","612.40","279.10","83,33,202","2,81,41,38,079.75","79,518"
"25-Jan-2016","EQ","345.50","345.50","331.15","339.50","333.60","332.60","338.90","612.40","279.10","61,06,931","2,06,96,32,852.25","88,259"
"22-Jan-2016","EQ","335.50","345.90","331.50","328.55","339.65","339.50","338.81","612.40","279.10","95,95,392","3,25,10,57,157.20","1,02,494"
"21-Jan-2016","EQ","340.65","344.15","323.00","342.25","327.60","328.55","330.92","612.40","279.10","1,65,24,035","5,46,81,31,177.90","1,49,035"
"20-Jan-2016","EQ","349.65","349.65","338.80","354.15","341.90","342.25","343.31","612.40","279.10","91,56,596","3,14,35,93,476.70","94,482"
"19-Jan-2016","EQ","343.00","357.20","342.00","340.20","354.25","354.15","351.19","612.40","279.10","73,04,555","2,56,52,79,292.60","77,450"
"18-Jan-2016","EQ","341.00","343.30","334.40","341.30","340.50","340.20","339.29","612.40","279.10","62,85,144","2,13,24,57,170.60","67,853"
"15-Jan-2016","EQ","353.90","353.90","339.35","354.30","340.70","341.30","347.35","612.40","279.10","65,57,584","2,27,77,85,214.85","63,497"
"14-Jan-2016","EQ","356.10","359.40","346.80","364.60","353.80","354.30","353.04","612.40","279.10","1,06,73,343","3,76,80,66,472.70","1,24,785"
"13-Jan-2016","EQ","360.45","369.80","356.30","355.00","363.00","364.60","362.64","612.40","279.10","1,41,91,511","5,14,64,17,256.60","1,43,638"
"12-Jan-2016","EQ","362.70","363.95","351.60","360.20","355.40","355.00","356.36","612.40","279.10","83,63,062","2,98,02,40,755.55","93,086"
"11-Jan-2016","EQ","343.90","364.75","341.65","353.35","360.45","360.20","357.29","612.40","279.10","1,05,76,721","3,77,89,27,411.95","1,02,634"
"08-Jan-2016","EQ","345.60","355.85","345.60","343.55","353.90","353.35","351.97","612.40","279.10","87,70,370","3,08,69,09,728.70","94,306"
"07-Jan-2016","EQ","356.25","358.00","338.10","365.90","344.80","343.55","347.83","612.40","279.10","1,17,82,307","4,09,81,90,192.85","1,51,305"
"06-Jan-2016","EQ","374.25","375.50","364.60","374.45","365.00","365.90","370.04","612.40","279.10","72,11,230","2,66,84,09,641.05","94,107"
"05-Jan-2016","EQ","381.05","382.45","372.10","377.05","373.00","374.45","377.36","612.40","279.10","69,01,068","2,60,41,67,529.10","85,155"
"04-Jan-2016","EQ","400.00","400.10","375.05","401.90","376.15","377.05","383.74","612.40","279.10","78,22,660","3,00,18,99,664.45","98,407"
"01-Jan-2016","EQ","392.50","403.00","373.00","391.30","401.80","401.90","398.24","612.40","279.10","43,77,363","1,74,32,45,783.55","44,132"
"31-Dec-2015","EQ","394.00","395.75","389.15","393.45","391.60","391.30","391.85","612.40","279.10","64,10,622","2,51,19,96,476.70","50,250"
"30-Dec-2015","EQ","392.00","395.00","390.50","391.85","394.00","393.45","393.11","612.40","279.10","48,66,177","1,91,29,43,149.50","64,431"
"29-Dec-2015","EQ","392.90","397.50","388.75","394.00","390.70","391.85","392.95","612.40","279.10","73,59,611","2,89,19,66,153.60","94,528"
"28-Dec-2015","EQ","384.90","395.00","383.75","382.40","394.85","394.00","391.54","612.40","279.10","71,66,351","2,80,58,98,239.40","67,548"
"24-Dec-2015","EQ","380.90","384.75","377.60","378.45","382.35","382.40","382.39","612.40","279.10","45,68,751","1,74,70,67,022.75","46,098"
"23-Dec-2015","EQ","379.90","380.85","377.50","378.10","378.70","378.45","379.05","612.40","279.10","39,53,766","1,49,86,56,678.90","46,213"
"22-Dec-2015","EQ","380.90","382.80","377.20","380.15","377.55","378.10","380.16","612.40","279.10","38,02,024","1,44,53,66,575.60","62,799"
"21-Dec-2015","EQ","379.10","382.55","377.50","378.25","380.15","380.15","379.46","612.40","279.10","40,15,631","1,52,37,80,830.85","86,385"
"18-Dec-2015","EQ","381.90","384.80","376.80","382.95","379.00","378.25","381.15","612.40","279.10","64,54,322","2,46,00,61,168.75","58,746"
"17-Dec-2015","EQ","385.00","387.00","376.05","380.45","382.15","382.95","381.47","612.40","279.10","76,04,665","2,90,09,89,217.70","1,13,765"
"16-Dec-2015","EQ","375.90","385.00","372.85","379.50","380.15","380.45","380.44","612.40","279.10","1,18,74,858","4,51,76,91,708.70","1,54,644"
"15-Dec-2015","EQ","371.25","380.95","365.50","371.60","379.10","379.50","373.66","612.40","279.10","77,17,531","2,88,37,04,753.80","1,28,713"
"14-Dec-2015","EQ","369.75","373.50","360.50","377.95","372.00","371.60","368.30","612.40","279.10","1,26,82,481","4,67,08,99,269.55","1,76,095"
"11-Dec-2015","EQ","390.90","392.65","375.30","389.60","379.00","377.95","383.11","612.40","279.10","65,37,672","2,50,46,74,161.30","1,00,176"
"10-Dec-2015","EQ","401.20","401.20","385.25","393.95","389.00","389.60","390.35","612.40","279.10","1,06,84,178","4,17,05,32,645.90","1,22,282"
"09-Dec-2015","EQ","402.80","405.00","392.75","402.40","394.15","393.95","397.46","612.40","279.10","61,03,583","2,42,59,52,214.00","1,06,533"
"08-Dec-2015","EQ","396.95","406.95","396.10","399.15","401.85","402.40","404.24","612.40","279.10","78,51,653","3,17,39,84,392.80","1,22,214"
"07-Dec-2015","EQ","402.90","403.00","395.30","399.95","398.20","399.15","398.79","612.40","279.10","61,56,323","2,45,50,80,932.50","95,948"
"04-Dec-2015","EQ","402.50","411.50","398.70","405.60","400.70","399.95","404.69","612.40","279.10","84,77,407","3,43,07,20,147.75","1,15,514"
"03-Dec-2015","EQ","408.70","411.90","404.25","413.15","406.00","405.60","407.37","612.40","279.10","59,99,323","2,44,39,53,153.90","93,015"
"02-Dec-2015","EQ","415.90","418.90","410.30","417.35","411.55","413.15","415.22","612.40","279.10","65,43,300","2,71,69,22,774.85","77,112"
"01-Dec-2015","EQ","427.00","427.00","416.10","423.25","418.00","417.35","420.43","612.40","279.10","64,02,692","2,69,18,64,633.90","75,878"
"30-Nov-2015","EQ","419.90","429.60","418.00","417.65","423.50","423.25","424.46","612.40","279.10","99,01,753","4,20,29,24,953.70","96,546"
"27-Nov-2015","EQ","425.55","431.90","416.45","424.40","418.00","417.65","424.73","612.40","279.10","97,20,127","4,12,84,19,248.65","1,35,398"
"26-Nov-2015","EQ","404.75","426.45","404.00","400.95","422.00","424.40","417.36","612.40","279.10","1,50,70,353","6,28,98,12,299.15","1,58,456"
"24-Nov-2015","EQ","399.10","406.50","397.05","402.10","401.90","400.95","401.13","612.40","279.10","56,24,579","2,25,62,03,484.30","63,248"
"23-Nov-2015","EQ","400.35","404.40","396.50","402.85","402.50","402.10","400.89","612.40","279.10","46,58,448","1,86,75,19,457.45","79,143"
"20-Nov-2015","EQ","408.50","410.70","401.35","406.95","404.25","402.85","406.04","612.40","279.10","54,20,173","2,20,08,01,013.60","77,221"
"19-Nov-2015","EQ","409.90","409.90","403.50","406.25","407.30","406.95","407.09","612.40","279.10","56,45,524","2,29,82,54,655.95","59,726"
"18-Nov-2015","EQ","407.95","413.50","403.25","407.50","406.30","406.25","409.05","612.40","279.10","69,60,097","2,84,70,25,895.35","80,558"
"17-Nov-2015","EQ","403.00","410.70","398.55","400.25","408.00","407.50","405.61","612.40","279.10","60,63,987","2,45,96,19,830.45","67,726"
"16-Nov-2015","EQ","401.00","404.85","394.20","403.95","399.75","400.25","399.33","612.40","279.10","76,73,487","3,06,42,45,433.75","98,741"
"13-Nov-2015","EQ","411.35","417.50","401.80","411.30","403.65","403.95","407.25","612.40","279.10","1,10,07,237","4,48,26,58,200.00","1,15,758"
"11-Nov-2015","EQ","408.75","414.00","408.05","407.45","411.25","411.30","411.48","612.40","279.10","11,64,924","47,93,38,278.25","14,197"
"10-Nov-2015","EQ","408.00","417.40","402.70","411.75","405.50","407.45","412.22","612.40","279.10","1,26,54,616","5,21,64,56,607.00","1,41,129"
"09-Nov-2015","EQ","374.00","413.50","373.05","396.15","412.00","411.75","402.34","612.40","279.10","2,21,28,119","8,90,30,14,580.05","2,38,949"
"06-Nov-2015","EQ","399.90","404.40","392.50","404.00","394.15","396.15","398.31","612.40","279.10","1,10,16,134","4,38,78,89,950.95","2,14,285"
"05-Nov-2015","EQ","403.60","412.80","401.45","404.85","404.00","404.00","406.92","612.40","279.10","1,29,12,937","5,25,44,84,996.00","1,16,398"
"04-Nov-2015","EQ","390.05","407.25","390.05","382.05","406.60","404.85","403.13","612.40","279.10","1,39,85,828","5,63,81,63,558.85","1,86,069"
"03-Nov-2015","EQ","391.25","391.25","380.80","387.95","382.30","382.05","385.08","612.40","279.10","58,87,746","2,26,72,26,112.45","1,02,547"
"02-Nov-2015","EQ","386.10","392.05","384.40","384.95","388.50","387.95","389.37","612.40","279.10","75,11,675","2,92,48,34,938.85","67,183"
"30-Oct-2015","EQ","389.75","390.80","383.50","391.20","384.80","384.95","386.86","612.40","279.10","66,51,831","2,57,32,97,160.60","63,761"
"29-Oct-2015","EQ","388.95","396.80","384.25","386.30","388.40","391.20","391.76","612.40","279.10","1,53,81,516","6,02,58,49,686.00","1,22,945"
"28-Oct-2015","EQ","382.80","390.75","382.20","383.35","387.00","386.30","385.79","612.40","279.10","80,18,683","3,09,34,90,877.50","66,362"
"27-Oct-2015","EQ","383.00","386.95","382.20","384.60","383.60","383.35","384.64","612.40","279.10","44,23,221","1,70,13,38,805.90","48,050"
"26-Oct-2015","EQ","386.45","389.90","383.25","383.00","384.05","384.60","385.88","612.40","279.10","50,64,657","1,95,43,46,793.40","86,651"
"23-Oct-2015","EQ","383.90","388.80","382.00","381.45","382.60","383.00","384.83","612.40","279.10","67,44,440","2,59,54,63,672.95","66,641"
"21-Oct-2015","EQ","379.95","386.40","378.55","383.15","380.90","381.45","382.70","612.40","279.10","87,20,671","3,33,74,32,024.70","78,688"
"20-Oct-2015","EQ","379.00","395.75","377.40","378.70","382.25","383.15","388.06","612.40","279.10","1,54,26,131","5,98,63,14,459.55","1,33,400"
"19-Oct-2015","EQ","384.00","384.00","376.25","386.20","378.85","378.70","379.37","612.40","279.10","74,55,714","2,82,84,39,065.70","87,246"